{"27": 0.9092749214282918, "24": 0.8686197482325805, "22": 0.8555067943336734, "53": 1.008639020851231, "55": 1.0251912273436719, "62": 1.0381060754483744, "58": 1.0305752733979248, "46": 1.0011439819236523, "41": 0.9870509684556469, "20": 0.8133209076200066, "36": 0.9665545737222209, "68": 1.0508013870086383, "66": 1.0537199203985357, "90": 0.9763725026476002, "47": 1.0013220678208716, "78": 1.03286278774235, "50": 1.0138965351429212, "76": 1.0468857348113796, "44": 1.0012380795339397, "49": 1.0083164388858028, "79": 1.048689671097691, "51": 1.0191176139838118, "72": 1.0536802968479617, "54": 1.022701000150168, "74": 1.046876107844305, "25": 0.8782145542262446, "26": 0.8899636366413273, "70": 1.0583931990308655, "65": 1.04789490840275, "40": 0.9877993641530833, "64": 1.0479860085082275, "63": 1.041068294077176, "52": 1.0160958658850792, "60": 1.035478737129017, "31": 0.9461891333565774, "56": 1.032485364667809, "45": 1.006454404958462, "29": 0.9171805403079084, "57": 1.0301871073591575, "73": 1.0518852820922189, "19": 0.9054881432151789, "38": 0.9723742308537664, "28": 0.9031761080742241, "59": 1.0359263169129935, "30": 0.9237044230753676, "43": 0.9975971096511139, "21": 0.8008572102086952, "42": 0.9896532944255556, "33": 0.9498883959813378, "23": 0.8632941276936503, "88": 0.9769850191138735, "37": 0.9808189146336387, "85": 1.0175764811051908, "32": 0.9536075462355017, "80": 1.0355481007318825, "69": 1.059728818564594, "82": 1.0322215871643636, "67": 1.058535801922358, "34": 0.9551644401415161, "86": 1.0054610917337408, "39": 0.9761497725565552, "61": 1.0397263552324143, "48": 0.999762017196052, "83": 1.0231701212642603, "35": 0.965814255661391, "71": 1.0488573400195746, "75": 1.0479447338142016, "84": 1.015385687005983, "77": 1.0462387441212428, "81": 1.0245014788821216, "18": 0.9844635233731055, "87": 1.0003985950675365, "89": 0.9525690247872804, "96": 0.8379663189701876, "98": 0.8728815822606121, "99": 0.7262374764408293, "93": 0.90710651892645, "95": 0.8593896531249688, "91": 0.9545759267386614, "92": 0.9066345124430707, "94": 0.8705537486415036, "97": 0.8594526348412181}